ID,Entidad,Sentimiento,Texto
1,2401,borderlands,Positive
2,2401,borderlands,Positive
3,2401,borderlands,Positive
4,2401,borderlands,Positive
5,2401,borderlands,Positive
6,2401,borderlands,Positive
7,2402,borderlands,Positive
8,2402,borderlands,Positive
9,2402,borderlands,Positive
10,2402,borderlands,Positive
11,2402,borderlands,Positive
12,2402,borderlands,Positive
13,2403,borderlands,Neutral
14,2403,borderlands,Neutral
15,2403,borderlands,Neutral
16,2403,borderlands,Neutral
17,2403,borderlands,Neutral
18,2403,borderlands,Neutral
19,2404,borderlands,Positive
20,2404,borderlands,Positive
21,2404,borderlands,Positive
22,2404,borderlands,Positive
23,2404,borderlands,Positive
24,2404,borderlands,Positive
25,2405,borderlands,Negative
26,2405,borderlands,Negative
27,2405,borderlands,Negative
28,2405,borderlands,Negative
29,2405,borderlands,Negative
30,2405,borderlands,Negative
31,2406,borderlands,Positive
32,2406,borderlands,Positive
33,2406,borderlands,Positive
34,2406,borderlands,Positive
35,2406,borderlands,Positive
36,2406,borderlands,Positive
37,2407,borderlands,Negative
38,2407,borderlands,Negative
39,2407,borderlands,Negative
40,2407,borderlands,Negative
41,2407,borderlands,Negative
42,2407,borderlands,Negative
43,2408,borderlands,Neutral
44,2408,borderlands,Neutral
45,2408,borderlands,Neutral
46,2408,borderlands,Neutral
47,2408,borderlands,Neutral
48,2408,borderlands,Neutral
49,2409,borderlands,Neutral
50,2409,borderlands,Neutral
51,2409,borderlands,Neutral
52,2409,borderlands,Neutral
53,2409,borderlands,Neutral
54,2409,borderlands,Neutral
55,2410,borderlands,Negative
56,2410,borderlands,Negative
57,2410,borderlands,Negative
58,2410,borderlands,Negative
59,2410,borderlands,Negative
60,2410,borderlands,Negative
61,2411,borderlands,Neutral
62,2411,borderlands,Neutral
63,2411,borderlands,Neutral
64,2411,borderlands,Neutral
65,2411,borderlands,Neutral
66,2411,borderlands,Neutral
67,2412,borderlands,Positive
68,2412,borderlands,Positive
69,2412,borderlands,Positive
70,2412,borderlands,Positive
71,2412,borderlands,Positive
72,2412,borderlands,Positive
73,2413,borderlands,Positive
74,2413,borderlands,Positive
75,2413,borderlands,Positive
76,2413,borderlands,Positive
77,2413,borderlands,Positive
78,2413,borderlands,Positive
79,2414,borderlands,Neutral
80,2414,borderlands,Neutral
81,2414,borderlands,Neutral
82,2414,borderlands,Neutral
83,2414,borderlands,Neutral
84,2414,borderlands,Neutral
85,2415,borderlands,Positive
86,2415,borderlands,Positive
87,2415,borderlands,Positive
88,2415,borderlands,Positive
89,2415,borderlands,Positive
90,2415,borderlands,Positive
91,2416,borderlands,Neutral
92,2416,borderlands,Neutral
93,2416,borderlands,Neutral
94,2416,borderlands,Neutral
95,2416,borderlands,Neutral
96,2416,borderlands,Neutral
97,2417,borderlands,Negative
98,2417,borderlands,Negative
99,2417,borderlands,Negative
100,2417,borderlands,Negative
101,2417,borderlands,Negative
102,2417,borderlands,Negative
103,2418,borderlands,Irrelevant
104,2418,borderlands,Irrelevant
105,2418,borderlands,Irrelevant
106,2418,borderlands,Irrelevant
107,2418,borderlands,Irrelevant
108,2418,borderlands,Irrelevant
109,2419,borderlands,Negative
110,2419,borderlands,Negative
111,2419,borderlands,Negative
112,2419,borderlands,Negative
113,2419,borderlands,Negative
114,2419,borderlands,Negative
115,2420,borderlands,Negative
116,2420,borderlands,Negative
117,2420,borderlands,Negative
118,2420,borderlands,Negative
119,2420,borderlands,Negative
120,2420,borderlands,Negative
121,2421,borderlands,Positive
122,2421,borderlands,Positive
123,2421,borderlands,Positive
124,2421,borderlands,Positive
125,2421,borderlands,Positive
126,2421,borderlands,Positive
127,2422,borderlands,Irrelevant
128,2422,borderlands,Irrelevant
129,2422,borderlands,Irrelevant
130,2422,borderlands,Irrelevant
131,2422,borderlands,Irrelevant
132,2422,borderlands,Irrelevant
133,2423,borderlands,Positive
134,2423,borderlands,Positive
135,2423,borderlands,Positive
136,2423,borderlands,Positive
137,2423,borderlands,Positive
138,2423,borderlands,Positive
139,2424,borderlands,Irrelevant
140,2424,borderlands,Irrelevant
141,2424,borderlands,Irrelevant
142,2424,borderlands,Irrelevant
143,2424,borderlands,Irrelevant
144,2424,borderlands,Irrelevant
145,2425,borderlands,Negative
146,2425,borderlands,Negative
147,2425,borderlands,Negative
148,2425,borderlands,Negative
149,2425,borderlands,Negative
150,2425,borderlands,Negative
151,2426,borderlands,Positive
152,2426,borderlands,Positive
153,2426,borderlands,Positive
154,2426,borderlands,Positive
155,2426,borderlands,Positive
156,2426,borderlands,Positive
157,2427,borderlands,Positive
158,2427,borderlands,Positive
159,2427,borderlands,Positive
160,2427,borderlands,Positive
161,2427,borderlands,Positive
162,2427,borderlands,Positive
163,2428,borderlands,Neutral
164,2428,borderlands,Neutral
165,2428,borderlands,Neutral
166,2428,borderlands,Neutral
167,2428,borderlands,Neutral
168,2428,borderlands,Neutral
169,2429,borderlands,Positive
170,2429,borderlands,Positive
171,2429,borderlands,Positive
172,2429,borderlands,Positive
173,2429,borderlands,Positive
174,2429,borderlands,Positive
175,2430,borderlands,Positive
176,2430,borderlands,Positive
177,2430,borderlands,Positive
178,2430,borderlands,Positive
179,2430,borderlands,Positive
180,2430,borderlands,Positive
181,2431,borderlands,Neutral
182,2431,borderlands,Neutral
183,2431,borderlands,Neutral
184,2431,borderlands,Neutral
185,2431,borderlands,Neutral
186,2431,borderlands,Neutral
187,2432,borderlands,Positive
188,2432,borderlands,Positive
189,2432,borderlands,Positive
190,2432,borderlands,Positive
191,2432,borderlands,Positive
192,2432,borderlands,Positive
193,2433,borderlands,Neutral
194,2433,borderlands,Neutral
195,2433,borderlands,Neutral
196,2433,borderlands,Neutral
197,2433,borderlands,Neutral
198,2433,borderlands,Neutral
199,2434,borderlands,Negative
200,2434,borderlands,Negative
201,2434,borderlands,Negative
202,2434,borderlands,Negative
203,2434,borderlands,Negative
204,2434,borderlands,Negative
205,2435,borderlands,Positive
206,2435,borderlands,Positive
207,2435,borderlands,Positive
208,2435,borderlands,Positive
209,2435,borderlands,Positive
210,2435,borderlands,Positive
211,2436,borderlands,Neutral
212,2436,borderlands,Neutral
213,2436,borderlands,Neutral
214,2436,borderlands,Neutral
215,2436,borderlands,Neutral
216,2436,borderlands,Neutral
217,2437,borderlands,Negative
218,2437,borderlands,Negative
219,2437,borderlands,Negative
220,2437,borderlands,Negative
221,2437,borderlands,Negative
222,2437,borderlands,Negative
223,2438,borderlands,Irrelevant
224,2438,borderlands,Irrelevant
225,2438,borderlands,Irrelevant
226,2438,borderlands,Irrelevant
227,2438,borderlands,Irrelevant
228,2438,borderlands,Irrelevant
229,2439,borderlands,Positive
230,2439,borderlands,Positive
231,2439,borderlands,Positive
232,2439,borderlands,Positive
233,2439,borderlands,Positive
234,2439,borderlands,Positive
235,2440,borderlands,Negative
236,2440,borderlands,Negative
237,2440,borderlands,Negative
238,2440,borderlands,Negative
239,2440,borderlands,Negative
240,2440,borderlands,Negative
241,2441,borderlands,Positive
242,2441,borderlands,Positive
243,2441,borderlands,Positive
244,2441,borderlands,Positive
245,2441,borderlands,Positive
246,2441,borderlands,Positive
247,2442,borderlands,Positive
248,2442,borderlands,Positive
249,2442,borderlands,Positive
250,2442,borderlands,Positive
251,2442,borderlands,Positive
252,2442,borderlands,Positive
253,2443,borderlands,Neutral
254,2443,borderlands,Neutral
255,2443,borderlands,Neutral
256,2443,borderlands,Neutral
257,2443,borderlands,Neutral
258,2443,borderlands,Neutral
259,2444,borderlands,Positive
260,2444,borderlands,Positive
261,2444,borderlands,Positive
262,2444,borderlands,Positive
263,2444,borderlands,Positive
264,2444,borderlands,Positive
265,2445,borderlands,Irrelevant
266,2445,borderlands,Irrelevant
267,2445,borderlands,Irrelevant
268,2445,borderlands,Irrelevant
269,2445,borderlands,Irrelevant
270,2445,borderlands,Irrelevant
271,2446,borderlands,Negative
272,2446,borderlands,Negative
273,2446,borderlands,Negative
274,2446,borderlands,Negative
275,2446,borderlands,Negative
276,2446,borderlands,Negative
277,2447,borderlands,Positive
278,2447,borderlands,Positive
279,2447,borderlands,Positive
280,2447,borderlands,Positive
281,2447,borderlands,Positive
282,2447,borderlands,Positive
283,2448,borderlands,Positive
284,2448,borderlands,Positive
285,2448,borderlands,Positive
286,2448,borderlands,Positive
287,2448,borderlands,Positive
288,2448,borderlands,Positive
289,2449,borderlands,Neutral
290,2449,borderlands,Neutral
291,2449,borderlands,Neutral
292,2449,borderlands,Neutral
293,2449,borderlands,Neutral
294,2449,borderlands,Neutral
295,2450,borderlands,Positive
296,2450,borderlands,Positive
297,2450,borderlands,Positive
298,2450,borderlands,Positive
299,2450,borderlands,Positive
300,2450,borderlands,Positive
301,2451,borderlands,Positive
302,2451,borderlands,Positive
303,2451,borderlands,Positive
304,2451,borderlands,Positive
305,2451,borderlands,Positive
306,2451,borderlands,Positive
307,2452,borderlands,Negative
308,2452,borderlands,Negative
309,2452,borderlands,Negative
310,2452,borderlands,Negative
311,2452,borderlands,Negative
312,2452,borderlands,Negative
313,2453,borderlands,Positive
314,2453,borderlands,Positive
315,2453,borderlands,Positive
316,2453,borderlands,Positive
317,2453,borderlands,Positive
318,2453,borderlands,Positive
319,2454,borderlands,Positive
320,2454,borderlands,Positive
321,2454,borderlands,Positive
322,2454,borderlands,Positive
323,2454,borderlands,Positive
324,2454,borderlands,Positive
325,2455,borderlands,Positive
326,2455,borderlands,Positive
327,2455,borderlands,Positive
328,2455,borderlands,Positive
329,2455,borderlands,Positive
330,2455,borderlands,Positive
331,2456,borderlands,Neutral
332,2456,borderlands,Neutral
333,2456,borderlands,Neutral
334,2456,borderlands,Neutral
335,2456,borderlands,Neutral
336,2456,borderlands,Neutral
337,2457,borderlands,Irrelevant
338,2457,borderlands,Irrelevant
339,2457,borderlands,Irrelevant
340,2457,borderlands,Irrelevant
341,2457,borderlands,Irrelevant
342,2457,borderlands,Irrelevant
343,2458,borderlands,Neutral
344,2458,borderlands,Neutral
345,2458,borderlands,Neutral
346,2458,borderlands,Neutral
347,2458,borderlands,Neutral
348,2458,borderlands,Neutral
349,2459,borderlands,Positive
350,2459,borderlands,Positive
351,2459,borderlands,Positive
352,2459,borderlands,Positive
353,2459,borderlands,Positive
354,2459,borderlands,Positive
355,2460,borderlands,Positive
356,2460,borderlands,Positive
357,2460,borderlands,Positive
358,2460,borderlands,Positive
359,2460,borderlands,Positive
360,2460,borderlands,Positive
361,2461,borderlands,Positive
362,2461,borderlands,Positive
363,2461,borderlands,Positive
364,2461,borderlands,Positive
365,2461,borderlands,Positive
366,2461,borderlands,Positive
367,2462,borderlands,Neutral
368,2462,borderlands,Neutral
369,2462,borderlands,Neutral
370,2462,borderlands,Neutral
371,2462,borderlands,Neutral
372,2462,borderlands,Neutral
373,2463,borderlands,Negative
374,2463,borderlands,Negative
375,2463,borderlands,Negative
376,2463,borderlands,Negative
377,2463,borderlands,Negative
378,2463,borderlands,Negative
379,2464,borderlands,Neutral
380,2464,borderlands,Neutral
381,2464,borderlands,Neutral
382,2464,borderlands,Neutral
383,2464,borderlands,Neutral
384,2464,borderlands,Neutral
385,2465,borderlands,Irrelevant
386,2465,borderlands,Irrelevant
387,2465,borderlands,Irrelevant
388,2465,borderlands,Irrelevant
389,2465,borderlands,Irrelevant
390,2465,borderlands,Irrelevant
391,2466,borderlands,Positive
392,2466,borderlands,Positive
393,2466,borderlands,Positive
394,2466,borderlands,Positive
395,2466,borderlands,Positive
396,2466,borderlands,Positive
397,2467,borderlands,Positive
398,2467,borderlands,Positive
399,2467,borderlands,Positive
400,2467,borderlands,Positive
401,2467,borderlands,Positive
402,2467,borderlands,Positive
403,2468,borderlands,Neutral
404,2468,borderlands,Neutral
405,2468,borderlands,Neutral
406,2468,borderlands,Neutral
407,2468,borderlands,Neutral
408,2468,borderlands,Neutral
409,2469,borderlands,Positive
410,2469,borderlands,Positive
411,2469,borderlands,Positive
412,2469,borderlands,Positive
413,2469,borderlands,Positive
414,2469,borderlands,Positive
415,2470,borderlands,Negative
416,2470,borderlands,Negative
417,2470,borderlands,Negative
418,2470,borderlands,Negative
419,2470,borderlands,Negative
420,2470,borderlands,Negative
421,2471,borderlands,Negative
422,2471,borderlands,Negative
423,2471,borderlands,Negative
424,2471,borderlands,Negative
425,2471,borderlands,Negative
426,2471,borderlands,Negative
427,2472,borderlands,Irrelevant
428,2472,borderlands,Irrelevant
429,2472,borderlands,Irrelevant
430,2472,borderlands,Irrelevant
431,2472,borderlands,Irrelevant
432,2472,borderlands,Irrelevant
433,2473,borderlands,Neutral
434,2473,borderlands,Neutral
435,2473,borderlands,Neutral
436,2473,borderlands,Neutral
437,2473,borderlands,Neutral
438,2473,borderlands,Neutral
439,2474,borderlands,Neutral
440,2474,borderlands,Neutral
441,2474,borderlands,Neutral
442,2474,borderlands,Neutral
443,2474,borderlands,Neutral
444,2474,borderlands,Neutral
445,2475,borderlands,Positive
446,2475,borderlands,Positive
447,2475,borderlands,Positive
448,2475,borderlands,Positive
449,2475,borderlands,Positive
450,2475,borderlands,Positive
451,2476,borderlands,Positive
452,2476,borderlands,Positive
453,2476,borderlands,Positive
454,2476,borderlands,Positive
455,2476,borderlands,Positive
456,2476,borderlands,Positive
457,2477,borderlands,Neutral
458,2477,borderlands,Neutral
459,2477,borderlands,Neutral
460,2477,borderlands,Neutral
461,2477,borderlands,Neutral
462,2477,borderlands,Neutral
463,2478,borderlands,Positive
464,2478,borderlands,Positive
465,2478,borderlands,Positive
466,2478,borderlands,Positive
467,2478,borderlands,Positive
468,2478,borderlands,Positive
469,2479,borderlands,Neutral
470,2479,borderlands,Neutral
471,2479,borderlands,Neutral
472,2479,borderlands,Neutral
473,2479,borderlands,Neutral
474,2479,borderlands,Neutral
475,2480,borderlands,Neutral
476,2480,borderlands,Neutral
477,2480,borderlands,Neutral
478,2480,borderlands,Neutral
479,2480,borderlands,Neutral
480,2480,borderlands,Neutral
481,2481,borderlands,Positive
482,2481,borderlands,Positive
483,2481,borderlands,Positive
484,2481,borderlands,Positive
485,2481,borderlands,Positive
486,2481,borderlands,Positive
487,2482,borderlands,Neutral
488,2482,borderlands,Neutral
489,2482,borderlands,Neutral
490,2482,borderlands,Neutral
491,2482,borderlands,Neutral
492,2482,borderlands,Neutral
493,2484,borderlands,Irrelevant
494,2484,borderlands,Irrelevant
495,2484,borderlands,Irrelevant
496,2484,borderlands,Irrelevant
497,2484,borderlands,Irrelevant
498,2484,borderlands,Irrelevant
499,2486,borderlands,Neutral
500,2486,borderlands,Neutral
501,2486,borderlands,Neutral
502,2486,borderlands,Neutral
503,2486,borderlands,Neutral
504,2486,borderlands,Neutral
505,2487,borderlands,Positive
506,2487,borderlands,Positive
507,2487,borderlands,Positive
508,2487,borderlands,Positive
509,2487,borderlands,Positive
510,2487,borderlands,Positive
511,2488,borderlands,Positive
512,2488,borderlands,Positive
513,2488,borderlands,Positive
514,2488,borderlands,Positive
515,2488,borderlands,Positive
516,2488,borderlands,Positive
517,2489,borderlands,Neutral
518,2489,borderlands,Neutral
519,2489,borderlands,Neutral
520,2489,borderlands,Neutral
521,2489,borderlands,Neutral
522,2489,borderlands,Neutral
523,2490,borderlands,Negative
524,2490,borderlands,Negative
525,2490,borderlands,Negative
526,2490,borderlands,Negative
527,2490,borderlands,Negative
528,2490,borderlands,Negative
529,2492,borderlands,Negative
530,2492,borderlands,Negative
531,2492,borderlands,Negative
532,2492,borderlands,Negative
533,2492,borderlands,Negative
534,2492,borderlands,Negative
535,2493,borderlands,Positive
536,2493,borderlands,Positive
537,2493,borderlands,Positive
538,2493,borderlands,Positive
539,2493,borderlands,Positive
540,2493,borderlands,Positive
541,2494,borderlands,Irrelevant
542,2494,borderlands,Irrelevant
543,2494,borderlands,Irrelevant
544,2494,borderlands,Irrelevant
545,2494,borderlands,Irrelevant
546,2494,borderlands,Irrelevant
547,2495,borderlands,Positive
548,2495,borderlands,Positive
549,2495,borderlands,Positive
550,2495,borderlands,Positive
551,2495,borderlands,Positive
552,2495,borderlands,Positive
553,2496,borderlands,Neutral
554,2496,borderlands,Neutral
555,2496,borderlands,Neutral
556,2496,borderlands,Neutral
557,2496,borderlands,Neutral
558,2496,borderlands,Neutral
559,2497,borderlands,Neutral
560,2497,borderlands,Neutral
561,2497,borderlands,Neutral
562,2497,borderlands,Neutral
563,2497,borderlands,Neutral
564,2497,borderlands,Neutral
565,2498,borderlands,Irrelevant
566,2498,borderlands,Irrelevant
567,2498,borderlands,Irrelevant
568,2498,borderlands,Irrelevant
569,2498,borderlands,Irrelevant
570,2498,borderlands,Irrelevant
571,2499,borderlands,Neutral
572,2499,borderlands,Neutral
573,2499,borderlands,Neutral
574,2499,borderlands,Neutral
575,2499,borderlands,Neutral
576,2499,borderlands,Neutral
577,2500,borderlands,Irrelevant
578,2500,borderlands,Irrelevant
579,2500,borderlands,Irrelevant
580,2500,borderlands,Irrelevant
581,2500,borderlands,Irrelevant
582,2500,borderlands,Irrelevant
583,2501,borderlands,Irrelevant
584,2501,borderlands,Irrelevant
585,2501,borderlands,Irrelevant
586,2501,borderlands,Irrelevant
587,2501,borderlands,Irrelevant
588,2501,borderlands,Irrelevant
589,2503,borderlands,Neutral
590,2503,borderlands,Neutral
591,2503,borderlands,Neutral
592,2503,borderlands,Neutral
593,2503,borderlands,Neutral
594,2503,borderlands,Neutral
595,2504,borderlands,Positive
596,2504,borderlands,Positive
597,2504,borderlands,Positive
598,2504,borderlands,Positive
599,2504,borderlands,Positive
600,2504,borderlands,Positive
601,2505,borderlands,Positive
602,2505,borderlands,Positive
603,2505,borderlands,Positive
604,2505,borderlands,Positive
605,2505,borderlands,Positive
606,2505,borderlands,Positive
607,2506,borderlands,Neutral
608,2506,borderlands,Neutral
609,2506,borderlands,Neutral
610,2506,borderlands,Neutral
611,2506,borderlands,Neutral
612,2506,borderlands,Neutral
613,2507,borderlands,Positive
614,2507,borderlands,Positive
615,2507,borderlands,Positive
616,2507,borderlands,Positive
617,2507,borderlands,Positive
618,2507,borderlands,Positive
619,2508,borderlands,Positive
620,2508,borderlands,Positive
621,2508,borderlands,Positive
622,2508,borderlands,Positive
623,2508,borderlands,Positive
624,2508,borderlands,Positive
625,2509,borderlands,Positive
626,2509,borderlands,Positive
627,2509,borderlands,Positive
628,2509,borderlands,Positive
629,2509,borderlands,Positive
630,2509,borderlands,Positive
631,2510,borderlands,Positive
632,2510,borderlands,Positive
633,2510,borderlands,Positive
634,2510,borderlands,Positive
635,2510,borderlands,Positive
636,2510,borderlands,Positive
637,2511,borderlands,Neutral
638,2511,borderlands,Neutral
639,2511,borderlands,Neutral
640,2511,borderlands,Neutral
641,2511,borderlands,Neutral
642,2511,borderlands,Neutral
643,2513,borderlands,Positive
644,2513,borderlands,Positive
645,2513,borderlands,Positive
646,2513,borderlands,Positive
647,2513,borderlands,Positive
648,2513,borderlands,Positive
649,2515,borderlands,Neutral
650,2515,borderlands,Neutral
651,2515,borderlands,Neutral
652,2515,borderlands,Neutral
653,2515,borderlands,Neutral
654,2515,borderlands,Neutral
655,2516,borderlands,Neutral
656,2516,borderlands,Neutral
657,2516,borderlands,Neutral
658,2516,borderlands,Neutral
659,2516,borderlands,Neutral
660,2516,borderlands,Neutral
661,2517,borderlands,Positive
662,2517,borderlands,Positive
663,2517,borderlands,Positive
664,2517,borderlands,Positive
665,2517,borderlands,Positive
666,2517,borderlands,Positive
667,2518,borderlands,Positive
668,2518,borderlands,Positive
669,2518,borderlands,Positive
670,2518,borderlands,Positive
671,2518,borderlands,Positive
672,2518,borderlands,Positive
673,2519,borderlands,Irrelevant
674,2519,borderlands,Irrelevant
675,2519,borderlands,Irrelevant
676,2519,borderlands,Irrelevant
677,2519,borderlands,Irrelevant
678,2519,borderlands,Irrelevant
679,2520,borderlands,Neutral
680,2520,borderlands,Neutral
681,2520,borderlands,Neutral
682,2520,borderlands,Neutral
683,2520,borderlands,Neutral
684,2520,borderlands,Neutral
685,2521,borderlands,Positive
686,2521,borderlands,Positive
687,2521,borderlands,Positive
688,2521,borderlands,Positive
689,2521,borderlands,Positive
690,2521,borderlands,Positive
691,2522,borderlands,Neutral
692,2522,borderlands,Neutral
693,2522,borderlands,Neutral
694,2522,borderlands,Neutral
695,2522,borderlands,Neutral
696,2522,borderlands,Neutral
697,2523,borderlands,Neutral
698,2523,borderlands,Neutral
699,2523,borderlands,Neutral
700,2523,borderlands,Neutral
701,2523,borderlands,Neutral
702,2523,borderlands,Neutral
703,2524,borderlands,Positive
704,2524,borderlands,Positive
705,2524,borderlands,Positive
706,2524,borderlands,Positive
707,2524,borderlands,Positive
708,2524,borderlands,Positive
709,2525,borderlands,Neutral
710,2525,borderlands,Neutral
711,2525,borderlands,Neutral
712,2525,borderlands,Neutral
713,2525,borderlands,Neutral
714,2525,borderlands,Neutral
715,2526,borderlands,Positive
716,2526,borderlands,Positive
717,2526,borderlands,Positive
718,2526,borderlands,Positive
719,2526,borderlands,Positive
720,2526,borderlands,Positive
721,2527,borderlands,Positive
722,2527,borderlands,Positive
723,2527,borderlands,Positive
724,2527,borderlands,Positive
725,2527,borderlands,Positive
726,2527,borderlands,Positive
727,2528,borderlands,Negative
728,2528,borderlands,Negative
729,2528,borderlands,Negative
730,2528,borderlands,Negative
731,2528,borderlands,Negative
732,2528,borderlands,Negative
733,2530,borderlands,Negative
734,2530,borderlands,Negative
735,2530,borderlands,Negative
736,2530,borderlands,Negative
737,2530,borderlands,Negative
738,2530,borderlands,Negative
739,2531,borderlands,Positive
740,2531,borderlands,Positive
741,2531,borderlands,Positive
742,2531,borderlands,Positive
743,2531,borderlands,Positive
744,2531,borderlands,Positive
745,2532,borderlands,Positive
746,2532,borderlands,Positive
747,2532,borderlands,Positive
748,2532,borderlands,Positive
749,2532,borderlands,Positive
750,2532,borderlands,Positive
751,2533,borderlands,Neutral
752,2533,borderlands,Neutral
753,2533,borderlands,Neutral
754,2533,borderlands,Neutral
755,2533,borderlands,Neutral
756,2533,borderlands,Neutral
757,2534,borderlands,Neutral
758,2534,borderlands,Neutral
759,2534,borderlands,Neutral
760,2534,borderlands,Neutral
761,2534,borderlands,Neutral
762,2534,borderlands,Neutral
763,2535,borderlands,Negative
764,2535,borderlands,Negative
765,2535,borderlands,Negative
766,2535,borderlands,Negative
767,2535,borderlands,Negative
768,2535,borderlands,Negative
769,2536,borderlands,Negative
770,2536,borderlands,Negative
771,2536,borderlands,Negative
772,2536,borderlands,Negative
773,2536,borderlands,Negative
774,2536,borderlands,Negative
775,2537,borderlands,Neutral
776,2537,borderlands,Neutral
777,2537,borderlands,Neutral
778,2537,borderlands,Neutral
779,2537,borderlands,Neutral
780,2537,borderlands,Neutral
781,2538,borderlands,Positive
782,2538,borderlands,Positive
783,2538,borderlands,Positive
784,2538,borderlands,Positive
785,2538,borderlands,Positive
786,2538,borderlands,Positive
787,2539,borderlands,Negative
788,2539,borderlands,Negative
789,2539,borderlands,Negative
790,2539,borderlands,Negative
791,2539,borderlands,Negative
792,2539,borderlands,Negative
793,2540,borderlands,Negative
794,2540,borderlands,Negative
795,2540,borderlands,Negative
796,2540,borderlands,Negative
797,2540,borderlands,Negative
798,2540,borderlands,Negative
799,2541,borderlands,Neutral
800,2541,borderlands,Neutral
801,2541,borderlands,Neutral
802,2541,borderlands,Neutral
803,2541,borderlands,Neutral
804,2541,borderlands,Neutral
805,2542,borderlands,Irrelevant
806,2542,borderlands,Irrelevant
807,2542,borderlands,Irrelevant
808,2542,borderlands,Irrelevant
809,2542,borderlands,Irrelevant
810,2542,borderlands,Irrelevant
811,2543,borderlands,Positive
812,2543,borderlands,Positive
813,2543,borderlands,Positive
814,2543,borderlands,Positive
815,2543,borderlands,Positive
816,2543,borderlands,Positive
817,2544,borderlands,Negative
818,2544,borderlands,Negative
819,2544,borderlands,Negative
820,2544,borderlands,Negative
821,2544,borderlands,Negative
822,2544,borderlands,Negative
823,2545,borderlands,Positive
824,2545,borderlands,Positive
825,2545,borderlands,Positive
826,2545,borderlands,Positive
827,2545,borderlands,Positive
828,2545,borderlands,Positive
829,2546,borderlands,Positive
830,2546,borderlands,Positive
831,2546,borderlands,Positive
832,2546,borderlands,Positive
833,2546,borderlands,Positive
834,2546,borderlands,Positive
835,2547,borderlands,Positive
836,2547,borderlands,Positive
837,2547,borderlands,Positive
838,2547,borderlands,Positive
839,2547,borderlands,Positive
840,2547,borderlands,Positive
841,2548,borderlands,Negative
842,2548,borderlands,Negative
843,2548,borderlands,Negative
844,2548,borderlands,Negative
845,2548,borderlands,Negative
846,2548,borderlands,Negative
847,2550,borderlands,Negative
848,2550,borderlands,Negative
849,2550,borderlands,Negative
850,2550,borderlands,Negative
851,2550,borderlands,Negative
852,2550,borderlands,Negative
853,2551,borderlands,Positive
854,2551,borderlands,Positive
855,2551,borderlands,Positive
856,2551,borderlands,Positive
857,2551,borderlands,Positive
858,2551,borderlands,Positive
859,2552,borderlands,Negative
860,2552,borderlands,Negative
861,2552,borderlands,Negative
862,2552,borderlands,Negative
863,2552,borderlands,Negative
864,2552,borderlands,Negative
865,2553,borderlands,Positive
866,2553,borderlands,Positive
867,2553,borderlands,Positive
868,2553,borderlands,Positive
869,2553,borderlands,Positive
870,2553,borderlands,Positive
871,2554,borderlands,Negative
872,2554,borderlands,Negative
873,2554,borderlands,Negative
874,2554,borderlands,Negative
875,2554,borderlands,Negative
876,2554,borderlands,Negative
877,2555,borderlands,Negative
878,2555,borderlands,Negative
879,2555,borderlands,Negative
880,2555,borderlands,Negative
881,2555,borderlands,Negative
882,2555,borderlands,Negative
883,2556,borderlands,Positive
884,2556,borderlands,Positive
885,2556,borderlands,Positive
886,2556,borderlands,Positive
887,2556,borderlands,Positive
888,2556,borderlands,Positive
889,2557,borderlands,Neutral
890,2557,borderlands,Neutral
891,2557,borderlands,Neutral
892,2557,borderlands,Neutral
893,2557,borderlands,Neutral
894,2557,borderlands,Neutral
895,2558,borderlands,Neutral
896,2558,borderlands,Neutral
897,2558,borderlands,Neutral
898,2558,borderlands,Neutral
899,2558,borderlands,Neutral
900,2558,borderlands,Neutral
901,2559,borderlands,Positive
902,2559,borderlands,Positive
903,2559,borderlands,Positive
904,2559,borderlands,Positive
905,2559,borderlands,Positive
906,2559,borderlands,Positive
907,2561,borderlands,Negative
908,2561,borderlands,Negative
909,2561,borderlands,Negative
910,2561,borderlands,Negative
911,2561,borderlands,Negative
912,2561,borderlands,Negative
913,2562,borderlands,Neutral
914,2562,borderlands,Neutral
915,2562,borderlands,Neutral
916,2562,borderlands,Neutral
917,2562,borderlands,Neutral
918,2562,borderlands,Neutral
919,2563,borderlands,Neutral
920,2563,borderlands,Neutral
921,2563,borderlands,Neutral
922,2563,borderlands,Neutral
923,2563,borderlands,Neutral
924,2563,borderlands,Neutral
925,2564,borderlands,Irrelevant
926,2564,borderlands,Irrelevant
927,2564,borderlands,Irrelevant
928,2564,borderlands,Irrelevant
929,2564,borderlands,Irrelevant
930,2564,borderlands,Irrelevant
931,2565,borderlands,Positive
932,2565,borderlands,Positive
933,2565,borderlands,Positive
934,2565,borderlands,Positive
935,2565,borderlands,Positive
936,2565,borderlands,Positive
937,2566,borderlands,Neutral
938,2566,borderlands,Neutral
939,2566,borderlands,Neutral
940,2566,borderlands,Neutral
941,2566,borderlands,Neutral
942,2566,borderlands,Neutral
943,2567,borderlands,Neutral
944,2567,borderlands,Neutral
945,2567,borderlands,Neutral
946,2567,borderlands,Neutral
947,2567,borderlands,Neutral
948,2567,borderlands,Neutral
949,2569,borderlands,Positive
950,2569,borderlands,Positive
951,2569,borderlands,Positive
952,2569,borderlands,Positive
953,2569,borderlands,Positive
954,2569,borderlands,Positive
955,2570,borderlands,Positive
956,2570,borderlands,Positive
957,2570,borderlands,Positive
958,2570,borderlands,Positive
959,2570,borderlands,Positive
960,2570,borderlands,Positive
961,2571,borderlands,Positive
962,2571,borderlands,Positive
963,2571,borderlands,Positive
964,2571,borderlands,Positive
965,2571,borderlands,Positive
966,2571,borderlands,Positive
967,2572,borderlands,Negative
968,2572,borderlands,Negative
969,2572,borderlands,Negative
970,2572,borderlands,Negative
971,2572,borderlands,Negative
972,2572,borderlands,Negative
973,2573,borderlands,Negative
974,2573,borderlands,Negative
975,2573,borderlands,Negative
976,2573,borderlands,Negative
977,2573,borderlands,Negative
978,2573,borderlands,Negative
979,2574,borderlands,Positive
980,2574,borderlands,Positive
981,2574,borderlands,Positive
982,2574,borderlands,Positive
983,2574,borderlands,Positive
984,2574,borderlands,Positive
985,2575,borderlands,Irrelevant
986,2575,borderlands,Irrelevant
987,2575,borderlands,Irrelevant
988,2575,borderlands,Irrelevant
989,2575,borderlands,Irrelevant
990,2575,borderlands,Irrelevant
991,2576,borderlands,Positive
992,2576,borderlands,Positive
993,2576,borderlands,Positive
994,2576,borderlands,Positive
995,2576,borderlands,Positive
996,2576,borderlands,Positive
997,2577,borderlands,Positive
998,2577,borderlands,Positive
999,2577,borderlands,Positive
1000,2577,borderlands,Positive
